{
  "accuracy": 0.35858585858585856,
  "precision": 0.3603553215622181,
  "recall": 0.35858585858585856,
  "f1_score": 0.3583519917320932
}