{
  "accuracy": 0.3065326633165829,
  "precision": 0.30892954508613446,
  "recall": 0.3065326633165829,
  "f1_score": 0.30388538022977596
}